Type,Model,Split,Best_Params,Best_Val_RMSE,Best_Val_MAE,MAE,RMSE,R2,Users_Evaluated,HitRate@10,Precision@10,Recall@10,NDCG@10,MAP@10,MRR@10
TunedModel,HybridPreferenceBias_Tuned,80:20,"{'alpha': 0.6, 'beta': 0.3, 'gamma': 0.1, 'base_params': {'reg': 20, 'n_epochs': 20, 'lr': 0.006, 'random_state': 42}, 'content_params': {'w_category': 0.45, 'w_price': 0.2, 'w_popularity': 0.25, 'w_public': 0.1, 'smoothing': 8.0}}",1.447167830886413,1.25119947898262,1.2206689646610542,1.4110297170918988,-0.05565821570255336,192,0.11458333333333333,0.011979166666666667,0.09027777777777778,0.04417787671272918,0.02726590057319224,0.034501074735449735
TunedModel,HybridPreferenceMF_Tuned,80:20,"{'alpha': 0.5, 'beta': 0.4, 'gamma': 0.1, 'base_params': {'n_factors': 16, 'n_epochs': 45, 'lr': 0.003, 'reg': 0.12, 'random_state': 42}, 'content_params': {'w_category': 0.6, 'w_price': 0.1, 'w_popularity': 0.25, 'w_public': 0.05, 'smoothing': 5.0}}",1.448940055111373,1.2510446088027176,1.2216908906090251,1.4126668336750143,-0.058109245789270014,192,0.11458333333333333,0.011979166666666667,0.0876736111111111,0.04250613179650678,0.025145709325396826,0.03354001322751323
TunedModel,UserPreferenceContent_Tuned,80:20,"{'w_category': 0.45, 'w_price': 0.2, 'w_popularity': 0.25, 'w_public': 0.1, 'smoothing': 8.0}",1.4497431077098966,1.2459524850022112,1.2256545187042618,1.4173228393683743,-0.06509558011639838,192,0.140625,0.0140625,0.1032986111111111,0.04635285941383161,0.025304852843915343,0.03414765211640212
TunedModel,MatrixFactorization_Tuned,80:20,"{'n_factors': 16, 'n_epochs': 45, 'lr': 0.003, 'reg': 0.12, 'random_state': 42}",1.4620877436382638,1.2629762625706038,1.2273222020653418,1.4221531215751126,-0.07236771143191412,192,0.11979166666666667,0.011979166666666666,0.09635416666666667,0.04908724190068,0.03173466435185185,0.04111276455026455
TunedModel,BiasBaseline_Tuned,80:20,"{'reg': 20, 'n_epochs': 20, 'lr': 0.006, 'random_state': 42}",1.463497452027836,1.2642995618111905,1.228889305284689,1.4244007140784638,-0.07575996250101391,192,0.11979166666666667,0.012500000000000002,0.09895833333333333,0.045760548681075985,0.026615203373015872,0.03603670634920635
